,date,moonPhase
0,2015-06-15,0.97
1,2015-06-16,0.02
2,2015-06-17,0.04
3,2015-06-18,0.07
4,2015-06-19,0.11
5,2015-06-20,0.14
6,2015-06-21,0.17
7,2015-06-22,0.2
8,2015-06-23,0.23
9,2015-06-24,0.26
10,2015-06-25,0.29
11,2015-06-26,0.32
12,2015-06-27,0.35
13,2015-06-28,0.38
14,2015-06-29,0.41
15,2015-06-30,0.45
16,2015-07-01,0.48
17,2015-07-02,0.52
18,2015-07-03,0.56
19,2015-07-04,0.59
20,2015-07-05,0.63
21,2015-07-06,0.67
22,2015-07-07,0.7
23,2015-07-08,0.74
24,2015-07-09,0.78
25,2015-07-10,0.82
26,2015-07-11,0.85
27,2015-07-12,0.89
28,2015-07-13,0.92
29,2015-07-14,0.96
30,2015-07-15,0.98
31,2015-07-16,0.03
32,2015-07-17,0.06
33,2015-07-18,0.09
34,2015-07-19,0.12
35,2015-07-20,0.15
36,2015-07-21,0.18
37,2015-07-22,0.21
38,2015-07-23,0.24
39,2015-07-24,0.27
40,2015-07-25,0.3
41,2015-07-26,0.33
42,2015-07-27,0.36
43,2015-07-28,0.4
44,2015-07-29,0.43
45,2015-07-30,0.47
46,2015-07-31,0.51
47,2015-08-01,0.54
48,2015-08-02,0.58
49,2015-08-03,0.62
50,2015-08-04,0.66
51,2015-08-05,0.69
52,2015-08-06,0.73
53,2015-08-07,0.77
54,2015-08-08,0.8
55,2015-08-09,0.84
56,2015-08-10,0.87
57,2015-08-11,0.91
58,2015-08-12,0.94
59,2015-08-13,0.97
60,2015-08-14,0.01
61,2015-08-15,0.04
62,2015-08-16,0.07
63,2015-08-17,0.1
64,2015-08-18,0.13
65,2015-08-19,0.16
66,2015-08-20,0.19
67,2015-08-21,0.22
68,2015-08-22,0.25
69,2015-08-23,0.28
70,2015-08-24,0.31
71,2015-08-25,0.35
72,2015-08-26,0.38
73,2015-08-27,0.42
74,2015-08-28,0.46
75,2015-08-29,0.49
76,2015-08-30,0.53
77,2015-08-31,0.57
78,2015-09-01,0.61
79,2015-09-02,0.65
80,2015-09-03,0.68
81,2015-09-04,0.72
82,2015-09-05,0.75
83,2015-09-06,0.79
84,2015-09-07,0.82
85,2015-09-08,0.86
86,2015-09-09,0.89
87,2015-09-10,0.92
88,2015-09-11,0.95
89,2015-09-12,0.98
90,2015-09-13,0.01
91,2015-09-14,0.04
92,2015-09-15,0.07
93,2015-09-16,0.1
94,2015-09-17,0.13
95,2015-09-18,0.17
96,2015-09-19,0.2
97,2015-09-20,0.23
98,2015-09-21,0.26
99,2015-09-22,0.3
100,2015-09-23,0.33
101,2015-09-24,0.37
102,2015-09-25,0.41
103,2015-09-26,0.45
104,2015-09-27,0.48
105,2015-09-28,0.52
106,2015-09-29,0.56
107,2015-09-30,0.6
108,2015-10-01,0.63
109,2015-10-02,0.67
110,2015-10-03,0.7
111,2015-10-04,0.74
112,2015-10-05,0.77
113,2015-10-06,0.81
114,2015-10-07,0.84
115,2015-10-08,0.87
116,2015-10-09,0.9
117,2015-10-10,0.93
118,2015-10-11,0.96
119,2015-10-12,0.99
120,2015-10-13,0.02
121,2015-10-14,0.05
122,2015-10-15,0.08
123,2015-10-16,0.11
124,2015-10-17,0.15
125,2015-10-18,0.18
126,2015-10-19,0.21
127,2015-10-20,0.25
128,2015-10-21,0.28
129,2015-10-22,0.32
130,2015-10-23,0.36
131,2015-10-24,0.4
132,2015-10-25,0.43
133,2015-10-26,0.47
134,2015-10-27,0.51
135,2015-10-28,0.55
136,2015-10-29,0.58
137,2015-10-30,0.62
138,2015-10-31,0.65
139,2015-11-01,0.69
140,2015-11-02,0.72
141,2015-11-03,0.75
142,2015-11-04,0.78
143,2015-11-05,0.82
144,2015-11-06,0.85
145,2015-11-07,0.88
146,2015-11-08,0.91
147,2015-11-09,0.94
148,2015-11-10,0.97
149,2015-11-11,0.01
150,2015-11-12,0.03
151,2015-11-13,0.06
152,2015-11-14,0.09
153,2015-11-15,0.13
154,2015-11-16,0.16
155,2015-11-17,0.2
156,2015-11-18,0.23
157,2015-11-19,0.27
158,2015-11-20,0.31
159,2015-11-21,0.35
160,2015-11-22,0.38
161,2015-11-23,0.42
162,2015-11-24,0.46
163,2015-11-25,0.49
164,2015-11-26,0.53
165,2015-11-27,0.57
166,2015-11-28,0.6
167,2015-11-29,0.63
168,2015-11-30,0.67
169,2015-12-01,0.7
170,2015-12-02,0.73
171,2015-12-03,0.76
172,2015-12-04,0.79
173,2015-12-05,0.82
174,2015-12-06,0.85
175,2015-12-07,0.88
176,2015-12-08,0.91
177,2015-12-09,0.94
178,2015-12-10,0.97
179,2015-12-11,0.02
180,2015-12-12,0.04
181,2015-12-13,0.07
182,2015-12-14,0.11
183,2015-12-15,0.14
184,2015-12-16,0.18
185,2015-12-17,0.22
186,2015-12-18,0.26
187,2015-12-19,0.29
188,2015-12-20,0.33
189,2015-12-21,0.37
190,2015-12-22,0.4
191,2015-12-23,0.44
192,2015-12-24,0.47
193,2015-12-25,0.52
194,2015-12-26,0.55
195,2015-12-27,0.58
196,2015-12-28,0.61
197,2015-12-29,0.64
198,2015-12-30,0.67
199,2015-12-31,0.7
200,2016-01-01,0.73
201,2016-01-02,0.76
202,2016-01-03,0.79
203,2016-01-04,0.82
204,2016-01-05,0.85
205,2016-01-06,0.89
206,2016-01-07,0.92
207,2016-01-08,0.95
208,2016-01-09,0.98
209,2016-01-10,0.02
210,2016-01-11,0.06
211,2016-01-12,0.09
212,2016-01-13,0.13
213,2016-01-14,0.17
214,2016-01-15,0.2
215,2016-01-16,0.24
216,2016-01-17,0.28
217,2016-01-18,0.32
218,2016-01-19,0.35
219,2016-01-20,0.39
220,2016-01-21,0.42
221,2016-01-22,0.46
222,2016-01-23,0.49
223,2016-01-24,0.53
224,2016-01-25,0.56
225,2016-01-26,0.59
226,2016-01-27,0.62
227,2016-01-28,0.65
228,2016-01-29,0.68
229,2016-01-30,0.71
230,2016-01-31,0.74
231,2016-02-01,0.77
232,2016-02-02,0.8
233,2016-02-03,0.83
234,2016-02-04,0.86
235,2016-02-05,0.9
236,2016-02-06,0.93
237,2016-02-07,0.96
238,2016-02-08,0.99
239,2016-02-09,0.04
240,2016-02-10,0.07
241,2016-02-11,0.11
242,2016-02-12,0.15
243,2016-02-13,0.19
244,2016-02-14,0.23
245,2016-02-15,0.26
246,2016-02-16,0.3
247,2016-02-17,0.34
248,2016-02-18,0.37
249,2016-02-19,0.4
250,2016-02-20,0.44
251,2016-02-21,0.47
252,2016-02-22,0.49
253,2016-02-23,0.53
254,2016-02-24,0.56
255,2016-02-25,0.59
256,2016-02-26,0.62
257,2016-02-27,0.65
258,2016-02-28,0.68
259,2016-02-29,0.71
260,2016-03-01,0.74
261,2016-03-02,0.78
262,2016-03-03,0.81
263,2016-03-04,0.84
264,2016-03-05,0.88
265,2016-03-06,0.91
266,2016-03-07,0.95
267,2016-03-08,0.99
268,2016-03-09,0.02
269,2016-03-10,0.06
270,2016-03-11,0.1
271,2016-03-12,0.14
272,2016-03-13,0.17
273,2016-03-14,0.21
274,2016-03-15,0.25
275,2016-03-16,0.28
276,2016-03-17,0.32
277,2016-03-18,0.35
278,2016-03-19,0.38
279,2016-03-20,0.42
280,2016-03-21,0.45
281,2016-03-22,0.48
282,2016-03-23,0.51
283,2016-03-24,0.54
284,2016-03-25,0.57
285,2016-03-26,0.6
286,2016-03-27,0.63
287,2016-03-28,0.66
288,2016-03-29,0.69
289,2016-03-30,0.72
290,2016-03-31,0.75
291,2016-04-01,0.79
292,2016-04-02,0.82
293,2016-04-03,0.86
294,2016-04-04,0.9
295,2016-04-05,0.93
296,2016-04-06,0.97
297,2016-04-07,0.01
298,2016-04-08,0.05
299,2016-04-09,0.09
300,2016-04-10,0.12
301,2016-04-11,0.16
302,2016-04-12,0.2
303,2016-04-13,0.23
304,2016-04-14,0.26
305,2016-04-15,0.3
306,2016-04-16,0.33
307,2016-04-17,0.36
308,2016-04-18,0.39
309,2016-04-19,0.42
310,2016-04-20,0.45
311,2016-04-21,0.48
312,2016-04-22,0.52
313,2016-04-23,0.55
314,2016-04-24,0.58
315,2016-04-25,0.61
316,2016-04-26,0.64
317,2016-04-27,0.67
318,2016-04-28,0.7
319,2016-04-29,0.74
320,2016-04-30,0.77
321,2016-05-01,0.81
322,2016-05-02,0.85
323,2016-05-03,0.88
324,2016-05-04,0.92
325,2016-05-05,0.96
326,2016-05-06,0.01
327,2016-05-07,0.04
328,2016-05-08,0.07
329,2016-05-09,0.11
330,2016-05-10,0.15
331,2016-05-11,0.18
332,2016-05-12,0.21
333,2016-05-13,0.25
334,2016-05-14,0.28
335,2016-05-15,0.31
336,2016-05-16,0.34
337,2016-05-17,0.37
338,2016-05-18,0.4
339,2016-05-19,0.43
340,2016-05-20,0.46
341,2016-05-21,0.48
342,2016-05-22,0.53
343,2016-05-23,0.56
344,2016-05-24,0.59
345,2016-05-25,0.62
346,2016-05-26,0.65
347,2016-05-27,0.69
348,2016-05-28,0.72
349,2016-05-29,0.76
350,2016-05-30,0.8
351,2016-05-31,0.83
352,2016-06-01,0.87
353,2016-06-02,0.91
354,2016-06-03,0.95
355,2016-06-04,0.98
356,2016-06-05,0.03
357,2016-06-06,0.06
358,2016-06-07,0.1
359,2016-06-08,0.13
360,2016-06-09,0.16
361,2016-06-10,0.2
362,2016-06-11,0.23
363,2016-06-12,0.26
364,2016-06-13,0.29
365,2016-06-14,0.32
366,2016-06-15,0.35
367,2016-06-16,0.38
368,2016-06-17,0.41
369,2016-06-18,0.44
370,2016-06-19,0.47
371,2016-06-20,0.51
372,2016-06-21,0.54
373,2016-06-22,0.57
374,2016-06-23,0.6
375,2016-06-24,0.64
376,2016-06-25,0.68
377,2016-06-26,0.71
378,2016-06-27,0.75
379,2016-06-28,0.79
380,2016-06-29,0.82
381,2016-06-30,0.86
382,2016-07-01,0.9
383,2016-07-02,0.94
384,2016-07-03,0.97
385,2016-07-04,0.02
386,2016-07-05,0.05
387,2016-07-06,0.08
388,2016-07-07,0.11
389,2016-07-08,0.15
390,2016-07-09,0.18
391,2016-07-10,0.21
392,2016-07-11,0.24
393,2016-07-12,0.27
394,2016-07-13,0.3
395,2016-07-14,0.33
396,2016-07-15,0.36
397,2016-07-16,0.39
398,2016-07-17,0.42
399,2016-07-18,0.45
400,2016-07-19,0.48
401,2016-07-20,0.52
402,2016-07-21,0.56
403,2016-07-22,0.59
404,2016-07-23,0.63
405,2016-07-24,0.66
406,2016-07-25,0.7
407,2016-07-26,0.74
408,2016-07-27,0.78
409,2016-07-28,0.82
410,2016-07-29,0.85
411,2016-07-30,0.89
412,2016-07-31,0.93
413,2016-08-01,0.96
414,2016-08-02,0.99
415,2016-08-03,0.03
416,2016-08-04,0.06
417,2016-08-05,0.1
418,2016-08-06,0.13
419,2016-08-07,0.16
420,2016-08-08,0.19
421,2016-08-09,0.22
422,2016-08-10,0.25
423,2016-08-11,0.28
424,2016-08-12,0.31
425,2016-08-13,0.34
426,2016-08-14,0.37
427,2016-08-15,0.4
428,2016-08-16,0.44
429,2016-08-17,0.47
430,2016-08-18,0.51
431,2016-08-19,0.54
432,2016-08-20,0.58
433,2016-08-21,0.62
434,2016-08-22,0.65
435,2016-08-23,0.69
436,2016-08-24,0.73
437,2016-08-25,0.77
438,2016-08-26,0.8
439,2016-08-27,0.84
440,2016-08-28,0.88
441,2016-08-29,0.91
442,2016-08-30,0.95
443,2016-08-31,0.98
444,2016-09-01,0.01
445,2016-09-02,0.04
446,2016-09-03,0.08
447,2016-09-04,0.11
448,2016-09-05,0.14
449,2016-09-06,0.17
450,2016-09-07,0.2
451,2016-09-08,0.23
452,2016-09-09,0.26
453,2016-09-10,0.29
454,2016-09-11,0.32
455,2016-09-12,0.35
456,2016-09-13,0.39
457,2016-09-14,0.42
458,2016-09-15,0.46
459,2016-09-16,0.49
460,2016-09-17,0.53
461,2016-09-18,0.57
462,2016-09-19,0.61
463,2016-09-20,0.64
464,2016-09-21,0.68
465,2016-09-22,0.72
466,2016-09-23,0.75
467,2016-09-24,0.79
468,2016-09-25,0.83
469,2016-09-26,0.86
470,2016-09-27,0.9
471,2016-09-28,0.93
472,2016-09-29,0.96
473,2016-09-30,0.99
474,2016-10-01,0.02
475,2016-10-02,0.05
476,2016-10-03,0.08
477,2016-10-04,0.11
478,2016-10-05,0.14
479,2016-10-06,0.17
480,2016-10-07,0.21
481,2016-10-08,0.24
482,2016-10-09,0.27
483,2016-10-10,0.3
484,2016-10-11,0.34
485,2016-10-12,0.37
486,2016-10-13,0.41
487,2016-10-14,0.44
488,2016-10-15,0.48
489,2016-10-16,0.52
490,2016-10-17,0.56
491,2016-10-18,0.59
492,2016-10-19,0.63
493,2016-10-20,0.67
494,2016-10-21,0.7
495,2016-10-22,0.74
496,2016-10-23,0.78
497,2016-10-24,0.81
498,2016-10-25,0.84
499,2016-10-26,0.88
500,2016-10-27,0.91
501,2016-10-28,0.94
502,2016-10-29,0.97
503,2016-10-30,0.01
504,2016-10-31,0.03
505,2016-11-01,0.06
506,2016-11-02,0.09
507,2016-11-03,0.12
508,2016-11-04,0.15
509,2016-11-05,0.18
510,2016-11-06,0.22
511,2016-11-07,0.25
512,2016-11-08,0.29
513,2016-11-09,0.32
514,2016-11-10,0.36
515,2016-11-11,0.39
516,2016-11-12,0.43
517,2016-11-13,0.47
518,2016-11-14,0.51
519,2016-11-15,0.55
520,2016-11-16,0.58
521,2016-11-17,0.62
522,2016-11-18,0.65
523,2016-11-19,0.69
524,2016-11-20,0.72
525,2016-11-21,0.76
526,2016-11-22,0.79
527,2016-11-23,0.82
528,2016-11-24,0.85
529,2016-11-25,0.88
530,2016-11-26,0.91
531,2016-11-27,0.94
532,2016-11-28,0.97
533,2016-11-29,0.02
534,2016-11-30,0.04
535,2016-12-01,0.07
536,2016-12-02,0.1
537,2016-12-03,0.13
538,2016-12-04,0.16
539,2016-12-05,0.2
540,2016-12-06,0.23
541,2016-12-07,0.27
542,2016-12-08,0.3
543,2016-12-09,0.34
544,2016-12-10,0.38
545,2016-12-11,0.41
546,2016-12-12,0.45
547,2016-12-13,0.48
548,2016-12-14,0.53
549,2016-12-15,0.57
550,2016-12-16,0.6
551,2016-12-17,0.64
552,2016-12-18,0.67
553,2016-12-19,0.7
554,2016-12-20,0.74
555,2016-12-21,0.77
556,2016-12-22,0.8
557,2016-12-23,0.83
558,2016-12-24,0.86
559,2016-12-25,0.89
560,2016-12-26,0.92
561,2016-12-27,0.95
562,2016-12-28,0.98
563,2016-12-29,0.02
564,2016-12-30,0.04
565,2016-12-31,0.08
566,2017-01-01,0.11
567,2017-01-02,0.14
568,2017-01-03,0.18
569,2017-01-04,0.21
570,2017-01-05,0.25
571,2017-01-06,0.29
572,2017-01-07,0.33
573,2017-01-08,0.36
574,2017-01-09,0.4
575,2017-01-10,0.44
576,2017-01-11,0.47
577,2017-01-12,0.52
578,2017-01-13,0.55
579,2017-01-14,0.58
580,2017-01-15,0.62
581,2017-01-16,0.65
582,2017-01-17,0.68
583,2017-01-18,0.71
584,2017-01-19,0.74
585,2017-01-20,0.77
586,2017-01-21,0.8
587,2017-01-22,0.83
588,2017-01-23,0.86
589,2017-01-24,0.89
590,2017-01-25,0.92
591,2017-01-26,0.95
592,2017-01-27,0.99
593,2017-01-28,0.02
594,2017-01-29,0.05
595,2017-01-30,0.09
596,2017-01-31,0.12
597,2017-02-01,0.16
598,2017-02-02,0.2
599,2017-02-03,0.24
600,2017-02-04,0.27
601,2017-02-05,0.31
602,2017-02-06,0.35
603,2017-02-07,0.39
604,2017-02-08,0.42
605,2017-02-09,0.46
606,2017-02-10,0.49
607,2017-02-11,0.53
608,2017-02-12,0.56
609,2017-02-13,0.59
610,2017-02-14,0.63
611,2017-02-15,0.66
612,2017-02-16,0.69
613,2017-02-17,0.72
614,2017-02-18,0.75
615,2017-02-19,0.78
616,2017-02-20,0.81
617,2017-02-21,0.84
618,2017-02-22,0.87
619,2017-02-23,0.9
620,2017-02-24,0.93
621,2017-02-25,0.97
622,2017-02-26,0.0
623,2017-02-27,0.04
624,2017-02-28,0.07
625,2017-03-01,0.11
626,2017-03-02,0.15
627,2017-03-03,0.18
628,2017-03-04,0.22
629,2017-03-05,0.26
630,2017-03-06,0.3
631,2017-03-07,0.33
632,2017-03-08,0.37
633,2017-03-09,0.41
634,2017-03-10,0.44
635,2017-03-11,0.47
636,2017-03-12,0.51
637,2017-03-13,0.54
638,2017-03-14,0.57
639,2017-03-15,0.6
640,2017-03-16,0.63
641,2017-03-17,0.66
642,2017-03-18,0.69
643,2017-03-19,0.72
644,2017-03-20,0.75
645,2017-03-21,0.78
646,2017-03-22,0.81
647,2017-03-23,0.85
648,2017-03-24,0.88
649,2017-03-25,0.91
650,2017-03-26,0.95
651,2017-03-27,0.98
652,2017-03-28,0.02
653,2017-03-29,0.06
654,2017-03-30,0.09
655,2017-03-31,0.13
656,2017-04-01,0.17
657,2017-04-02,0.21
658,2017-04-03,0.24
659,2017-04-04,0.28
660,2017-04-05,0.32
661,2017-04-06,0.35
662,2017-04-07,0.39
663,2017-04-08,0.42
664,2017-04-09,0.45
665,2017-04-10,0.48
666,2017-04-11,0.52
667,2017-04-12,0.55
668,2017-04-13,0.58
669,2017-04-14,0.61
670,2017-04-15,0.64
671,2017-04-16,0.67
672,2017-04-17,0.7
673,2017-04-18,0.73
674,2017-04-19,0.76
675,2017-04-20,0.79
676,2017-04-21,0.83
677,2017-04-22,0.86
678,2017-04-23,0.9
679,2017-04-24,0.93
680,2017-04-25,0.97
681,2017-04-26,0.01
682,2017-04-27,0.05
683,2017-04-28,0.08
684,2017-04-29,0.12
685,2017-04-30,0.16
686,2017-05-01,0.19
687,2017-05-02,0.23
688,2017-05-03,0.27
689,2017-05-04,0.3
690,2017-05-05,0.34
691,2017-05-06,0.37
692,2017-05-07,0.4
693,2017-05-08,0.43
694,2017-05-09,0.46
695,2017-05-10,0.49
696,2017-05-11,0.53
697,2017-05-12,0.56
698,2017-05-13,0.59
699,2017-05-14,0.62
700,2017-05-15,0.65
701,2017-05-16,0.68
702,2017-05-17,0.71
703,2017-05-18,0.74
704,2017-05-19,0.78
705,2017-05-20,0.81
706,2017-05-21,0.85
707,2017-05-22,0.88
708,2017-05-23,0.92
709,2017-05-24,0.95
710,2017-05-25,0.98
711,2017-05-26,0.04
712,2017-05-27,0.07
713,2017-05-28,0.11
714,2017-05-29,0.15
715,2017-05-30,0.18
716,2017-05-31,0.22
717,2017-06-01,0.25
718,2017-06-02,0.29
719,2017-06-03,0.32
720,2017-06-04,0.35
721,2017-06-05,0.38
722,2017-06-06,0.41
723,2017-06-07,0.44
724,2017-06-08,0.47
725,2017-06-09,0.51
726,2017-06-10,0.54
727,2017-06-11,0.56
728,2017-06-12,0.6
729,2017-06-13,0.63
730,2017-06-14,0.66
731,2017-06-15,0.69
732,2017-06-16,0.73
733,2017-06-17,0.76
734,2017-06-18,0.8
735,2017-06-19,0.83
736,2017-06-20,0.87
737,2017-06-21,0.91
738,2017-06-22,0.95
739,2017-06-23,0.98
740,2017-06-24,0.03
741,2017-06-25,0.06
742,2017-06-26,0.1
743,2017-06-27,0.13
744,2017-06-28,0.17
745,2017-06-29,0.2
746,2017-06-30,0.24
747,2017-07-01,0.27
748,2017-07-02,0.3
749,2017-07-03,0.33
750,2017-07-04,0.36
751,2017-07-05,0.39
752,2017-07-06,0.42
753,2017-07-07,0.45
754,2017-07-08,0.48
755,2017-07-09,0.52
756,2017-07-10,0.54
757,2017-07-11,0.58
758,2017-07-12,0.61
759,2017-07-13,0.64
760,2017-07-14,0.68
761,2017-07-15,0.71
762,2017-07-16,0.75
763,2017-07-17,0.79
764,2017-07-18,0.82
765,2017-07-19,0.86
766,2017-07-20,0.9
767,2017-07-21,0.94
768,2017-07-22,0.97
769,2017-07-23,0.01
770,2017-07-24,0.05
771,2017-07-25,0.08
772,2017-07-26,0.12
773,2017-07-27,0.15
774,2017-07-28,0.19
775,2017-07-29,0.22
776,2017-07-30,0.25
777,2017-07-31,0.28
778,2017-08-01,0.31
779,2017-08-02,0.34
780,2017-08-03,0.37
781,2017-08-04,0.4
782,2017-08-05,0.43
783,2017-08-06,0.46
784,2017-08-07,0.49
785,2017-08-08,0.53
786,2017-08-09,0.56
787,2017-08-10,0.59
788,2017-08-11,0.63
789,2017-08-12,0.66
790,2017-08-13,0.7
791,2017-08-14,0.74
792,2017-08-15,0.78
793,2017-08-16,0.81
794,2017-08-17,0.85
795,2017-08-18,0.89
796,2017-08-19,0.93
797,2017-08-20,0.96
798,2017-08-21,0.0
799,2017-08-22,0.04
800,2017-08-23,0.07
801,2017-08-24,0.1
802,2017-08-25,0.14
803,2017-08-26,0.17
804,2017-08-27,0.2
805,2017-08-28,0.23
806,2017-08-29,0.26
807,2017-08-30,0.29
808,2017-08-31,0.32
809,2017-09-01,0.35
810,2017-09-02,0.38
811,2017-09-03,0.41
812,2017-09-04,0.44
813,2017-09-05,0.48
814,2017-09-06,0.51
815,2017-09-07,0.54
816,2017-09-08,0.58
817,2017-09-09,0.62
818,2017-09-10,0.65
819,2017-09-11,0.69
820,2017-09-12,0.73
821,2017-09-13,0.76
822,2017-09-14,0.8
823,2017-09-15,0.84
824,2017-09-16,0.88
825,2017-09-17,0.91
826,2017-09-18,0.95
827,2017-09-19,0.98
828,2017-09-20,0.02
829,2017-09-21,0.05
830,2017-09-22,0.09
831,2017-09-23,0.12
832,2017-09-24,0.15
833,2017-09-25,0.18
834,2017-09-26,0.21
835,2017-09-27,0.24
836,2017-09-28,0.27
837,2017-09-29,0.3
838,2017-09-30,0.33
839,2017-10-01,0.36
840,2017-10-02,0.39
841,2017-10-03,0.42
842,2017-10-04,0.46
843,2017-10-05,0.49
844,2017-10-06,0.53
845,2017-10-07,0.57
846,2017-10-08,0.6
847,2017-10-09,0.64
848,2017-10-10,0.68
849,2017-10-11,0.72
850,2017-10-12,0.75
851,2017-10-13,0.79
852,2017-10-14,0.83
853,2017-10-15,0.86
854,2017-10-16,0.9
855,2017-10-17,0.93
856,2017-10-18,0.97
857,2017-10-19,0.01
858,2017-10-20,0.03
859,2017-10-21,0.06
860,2017-10-22,0.09
861,2017-10-23,0.12
862,2017-10-24,0.15
863,2017-10-25,0.18
864,2017-10-26,0.21
865,2017-10-27,0.24
866,2017-10-28,0.28
867,2017-10-29,0.31
868,2017-10-30,0.34
869,2017-10-31,0.37
870,2017-11-01,0.41
871,2017-11-02,0.44
872,2017-11-03,0.47
873,2017-11-04,0.52
874,2017-11-05,0.55
875,2017-11-06,0.59
876,2017-11-07,0.63
877,2017-11-08,0.67
878,2017-11-09,0.7
879,2017-11-10,0.74
880,2017-11-11,0.78
881,2017-11-12,0.81
882,2017-11-13,0.85
883,2017-11-14,0.88
884,2017-11-15,0.91
885,2017-11-16,0.95
886,2017-11-17,0.97
887,2017-11-18,0.02
888,2017-11-19,0.04
889,2017-11-20,0.07
890,2017-11-21,0.1
891,2017-11-22,0.13
892,2017-11-23,0.16
893,2017-11-24,0.19
894,2017-11-25,0.22
895,2017-11-26,0.25
896,2017-11-27,0.29
897,2017-11-28,0.32
898,2017-11-29,0.35
899,2017-11-30,0.39
900,2017-12-01,0.43
901,2017-12-02,0.46
902,2017-12-03,0.51
903,2017-12-04,0.54
904,2017-12-05,0.58
905,2017-12-06,0.61
906,2017-12-07,0.65
907,2017-12-08,0.69
908,2017-12-09,0.72
909,2017-12-10,0.76
910,2017-12-11,0.79
911,2017-12-12,0.83
912,2017-12-13,0.86
913,2017-12-14,0.89
914,2017-12-15,0.92
915,2017-12-16,0.95
916,2017-12-17,0.98
917,2017-12-18,0.02
918,2017-12-19,0.04
919,2017-12-20,0.07
920,2017-12-21,0.1
921,2017-12-22,0.14
922,2017-12-23,0.17
923,2017-12-24,0.2
924,2017-12-25,0.23
925,2017-12-26,0.27
926,2017-12-27,0.3
927,2017-12-28,0.34
928,2017-12-29,0.37
929,2017-12-30,0.41
930,2017-12-31,0.45
931,2018-01-01,0.48
932,2018-01-02,0.52
933,2018-01-03,0.56
934,2018-01-04,0.6
935,2018-01-05,0.63
936,2018-01-06,0.67
937,2018-01-07,0.71
938,2018-01-08,0.74
939,2018-01-09,0.77
940,2018-01-10,0.8
941,2018-01-11,0.84
942,2018-01-12,0.87
943,2018-01-13,0.9
944,2018-01-14,0.93
945,2018-01-15,0.96
946,2018-01-16,0.99
947,2018-01-17,0.02
948,2018-01-18,0.05
949,2018-01-19,0.08
950,2018-01-20,0.11
951,2018-01-21,0.14
952,2018-01-22,0.18
953,2018-01-23,0.21
954,2018-01-24,0.25
955,2018-01-25,0.28
956,2018-01-26,0.32
957,2018-01-27,0.36
958,2018-01-28,0.4
959,2018-01-29,0.43
960,2018-01-30,0.47
961,2018-01-31,0.51
962,2018-02-01,0.55
963,2018-02-02,0.58
964,2018-02-03,0.62
965,2018-02-04,0.65
966,2018-02-05,0.69
967,2018-02-06,0.72
968,2018-02-07,0.75
969,2018-02-08,0.78
970,2018-02-09,0.81
971,2018-02-10,0.84
972,2018-02-11,0.87
973,2018-02-12,0.9
974,2018-02-13,0.93
975,2018-02-14,0.96
976,2018-02-15,0.99
977,2018-02-16,0.03
978,2018-02-17,0.06
979,2018-02-18,0.09
980,2018-02-19,0.12
981,2018-02-20,0.16
982,2018-02-21,0.2
983,2018-02-22,0.23
984,2018-02-23,0.27
985,2018-02-24,0.31
986,2018-02-25,0.34
987,2018-02-26,0.38
988,2018-02-27,0.42
989,2018-02-28,0.46
990,2018-03-01,0.49
991,2018-03-02,0.53
992,2018-03-03,0.56
993,2018-03-04,0.6
994,2018-03-05,0.63
995,2018-03-06,0.66
996,2018-03-07,0.7
997,2018-03-08,0.73
998,2018-03-09,0.76
999,2018-03-10,0.79
1000,2018-03-11,0.82
1001,2018-03-12,0.85
1002,2018-03-13,0.88
1003,2018-03-14,0.91
1004,2018-03-15,0.94
1005,2018-03-16,0.97
1006,2018-03-17,0.01
1007,2018-03-18,0.04
1008,2018-03-19,0.07
1009,2018-03-20,0.11
1010,2018-03-21,0.14
1011,2018-03-22,0.18
1012,2018-03-23,0.22
1013,2018-03-24,0.25
1014,2018-03-25,0.29
1015,2018-03-26,0.33
1016,2018-03-27,0.37
1017,2018-03-28,0.4
1018,2018-03-29,0.44
1019,2018-03-30,0.47
1020,2018-03-31,0.52
1021,2018-04-01,0.55
1022,2018-04-02,0.58
1023,2018-04-03,0.61
1024,2018-04-04,0.64
1025,2018-04-05,0.67
1026,2018-04-06,0.7
1027,2018-04-07,0.73
1028,2018-04-08,0.76
1029,2018-04-09,0.79
1030,2018-04-10,0.82
1031,2018-04-11,0.85
1032,2018-04-12,0.88
1033,2018-04-13,0.92
1034,2018-04-14,0.95
1035,2018-04-15,0.98
1036,2018-04-16,0.02
1037,2018-04-17,0.06
1038,2018-04-18,0.09
1039,2018-04-19,0.13
1040,2018-04-20,0.17
1041,2018-04-21,0.2
1042,2018-04-22,0.24
1043,2018-04-23,0.28
1044,2018-04-24,0.32
1045,2018-04-25,0.35
1046,2018-04-26,0.39
1047,2018-04-27,0.42
1048,2018-04-28,0.46
1049,2018-04-29,0.48
1050,2018-04-30,0.53
1051,2018-05-01,0.56
1052,2018-05-02,0.59
1053,2018-05-03,0.62
1054,2018-05-04,0.65
1055,2018-05-05,0.68
1056,2018-05-06,0.71
1057,2018-05-07,0.74
1058,2018-05-08,0.77
1059,2018-05-09,0.8
1060,2018-05-10,0.83
1061,2018-05-11,0.86
1062,2018-05-12,0.9
1063,2018-05-13,0.93
1064,2018-05-14,0.97
1065,2018-05-15,0.01
1066,2018-05-16,0.04
1067,2018-05-17,0.08
1068,2018-05-18,0.12
1069,2018-05-19,0.15
1070,2018-05-20,0.19
1071,2018-05-21,0.23
1072,2018-05-22,0.27
1073,2018-05-23,0.3
1074,2018-05-24,0.34
1075,2018-05-25,0.37
1076,2018-05-26,0.41
1077,2018-05-27,0.44
1078,2018-05-28,0.47
1079,2018-05-29,0.51
1080,2018-05-30,0.54
1081,2018-05-31,0.57
1082,2018-06-01,0.6
1083,2018-06-02,0.63
1084,2018-06-03,0.66
1085,2018-06-04,0.69
1086,2018-06-05,0.72
1087,2018-06-06,0.75
1088,2018-06-07,0.78
1089,2018-06-08,0.81
1090,2018-06-09,0.85
1091,2018-06-10,0.88
1092,2018-06-11,0.92
1093,2018-06-12,0.95
1094,2018-06-13,0.99
1095,2018-06-14,0.03
1096,2018-06-15,0.07
1097,2018-06-16,0.11
1098,2018-06-17,0.14
1099,2018-06-18,0.18
1100,2018-06-19,0.22
1101,2018-06-20,0.26
1102,2018-06-21,0.29
1103,2018-06-22,0.33
1104,2018-06-23,0.36
1105,2018-06-24,0.39
1106,2018-06-25,0.42
1107,2018-06-26,0.45
1108,2018-06-27,0.48
1109,2018-06-28,0.52
1110,2018-06-29,0.55
1111,2018-06-30,0.58
1112,2018-07-01,0.61
1113,2018-07-02,0.64
1114,2018-07-03,0.67
1115,2018-07-04,0.7
1116,2018-07-05,0.73
1117,2018-07-06,0.77
1118,2018-07-07,0.8
1119,2018-07-08,0.83
1120,2018-07-09,0.87
1121,2018-07-10,0.91
1122,2018-07-11,0.94
1123,2018-07-12,0.98
1124,2018-07-13,0.02
1125,2018-07-14,0.06
1126,2018-07-15,0.1
1127,2018-07-16,0.13
1128,2018-07-17,0.17
1129,2018-07-18,0.21
1130,2018-07-19,0.24
1131,2018-07-20,0.28
1132,2018-07-21,0.31
1133,2018-07-22,0.34
1134,2018-07-23,0.37
1135,2018-07-24,0.4
1136,2018-07-25,0.43
1137,2018-07-26,0.46
1138,2018-07-27,0.49
1139,2018-07-28,0.52
1140,2018-07-29,0.56
1141,2018-07-30,0.59
1142,2018-07-31,0.62
1143,2018-08-01,0.65
1144,2018-08-02,0.68
1145,2018-08-03,0.72
1146,2018-08-04,0.75
1147,2018-08-05,0.79
1148,2018-08-06,0.82
1149,2018-08-07,0.86
1150,2018-08-08,0.9
1151,2018-08-09,0.94
1152,2018-08-10,0.97
1153,2018-08-11,0.01
1154,2018-08-12,0.05
1155,2018-08-13,0.09
1156,2018-08-14,0.12
1157,2018-08-15,0.16
1158,2018-08-16,0.19
1159,2018-08-17,0.23
1160,2018-08-18,0.26
1161,2018-08-19,0.29
1162,2018-08-20,0.32
1163,2018-08-21,0.35
1164,2018-08-22,0.38
1165,2018-08-23,0.41
1166,2018-08-24,0.44
1167,2018-08-25,0.47
1168,2018-08-26,0.51
1169,2018-08-27,0.54
1170,2018-08-28,0.57
1171,2018-08-29,0.6
1172,2018-08-30,0.63
1173,2018-08-31,0.67
1174,2018-09-01,0.7
1175,2018-09-02,0.74
1176,2018-09-03,0.77
1177,2018-09-04,0.81
1178,2018-09-05,0.85
1179,2018-09-06,0.89
1180,2018-09-07,0.92
1181,2018-09-08,0.96
1182,2018-09-09,0.01
1183,2018-09-10,0.04
1184,2018-09-11,0.07
1185,2018-09-12,0.11
1186,2018-09-13,0.14
1187,2018-09-14,0.18
1188,2018-09-15,0.21
1189,2018-09-16,0.24
1190,2018-09-17,0.27
1191,2018-09-18,0.3
1192,2018-09-19,0.33
1193,2018-09-20,0.36
1194,2018-09-21,0.39
1195,2018-09-22,0.42
1196,2018-09-23,0.45
1197,2018-09-24,0.48
1198,2018-09-25,0.52
1199,2018-09-26,0.55
1200,2018-09-27,0.58
1201,2018-09-28,0.62
1202,2018-09-29,0.65
1203,2018-09-30,0.69
1204,2018-10-01,0.72
1205,2018-10-02,0.76
1206,2018-10-03,0.8
1207,2018-10-04,0.84
1208,2018-10-05,0.87
1209,2018-10-06,0.91
1210,2018-10-07,0.95
1211,2018-10-08,0.98
1212,2018-10-09,0.03
1213,2018-10-10,0.06
1214,2018-10-11,0.09
1215,2018-10-12,0.12
1216,2018-10-13,0.16
1217,2018-10-14,0.19
1218,2018-10-15,0.22
1219,2018-10-16,0.25
1220,2018-10-17,0.28
1221,2018-10-18,0.31
1222,2018-10-19,0.34
1223,2018-10-20,0.37
1224,2018-10-21,0.4
1225,2018-10-22,0.43
1226,2018-10-23,0.46
1227,2018-10-24,0.51
1228,2018-10-25,0.53
1229,2018-10-26,0.57
1230,2018-10-27,0.6
1231,2018-10-28,0.64
1232,2018-10-29,0.67
1233,2018-10-30,0.71
1234,2018-10-31,0.75
1235,2018-11-01,0.79
1236,2018-11-02,0.82
1237,2018-11-03,0.86
1238,2018-11-04,0.9
1239,2018-11-05,0.93
1240,2018-11-06,0.97
1241,2018-11-07,0.02
1242,2018-11-08,0.04
1243,2018-11-09,0.07
1244,2018-11-10,0.1
1245,2018-11-11,0.13
1246,2018-11-12,0.16
1247,2018-11-13,0.19
1248,2018-11-14,0.22
1249,2018-11-15,0.25
1250,2018-11-16,0.28
1251,2018-11-17,0.31
1252,2018-11-18,0.35
1253,2018-11-19,0.38
1254,2018-11-20,0.41
1255,2018-11-21,0.44
1256,2018-11-22,0.47
1257,2018-11-23,0.52
1258,2018-11-24,0.55
1259,2018-11-25,0.59
1260,2018-11-26,0.62
1261,2018-11-27,0.66
1262,2018-11-28,0.7
1263,2018-11-29,0.74
1264,2018-11-30,0.77
1265,2018-12-01,0.81
1266,2018-12-02,0.85
1267,2018-12-03,0.88
1268,2018-12-04,0.92
1269,2018-12-05,0.95
1270,2018-12-06,0.98
1271,2018-12-07,0.02
1272,2018-12-08,0.05
1273,2018-12-09,0.08
1274,2018-12-10,0.11
1275,2018-12-11,0.14
1276,2018-12-12,0.17
1277,2018-12-13,0.2
1278,2018-12-14,0.23
1279,2018-12-15,0.26
1280,2018-12-16,0.29
1281,2018-12-17,0.32
1282,2018-12-18,0.36
1283,2018-12-19,0.39
1284,2018-12-20,0.42
1285,2018-12-21,0.46
1286,2018-12-22,0.49
1287,2018-12-23,0.53
1288,2018-12-24,0.57
1289,2018-12-25,0.61
1290,2018-12-26,0.65
1291,2018-12-27,0.68
1292,2018-12-28,0.72
1293,2018-12-29,0.76
1294,2018-12-30,0.79
1295,2018-12-31,0.83
1296,2019-01-01,0.86
1297,2019-01-02,0.9
1298,2019-01-03,0.93
1299,2019-01-04,0.96
1300,2019-01-05,0.99
1301,2019-01-06,0.02
1302,2019-01-07,0.05
1303,2019-01-08,0.08
1304,2019-01-09,0.11
1305,2019-01-10,0.14
1306,2019-01-11,0.17
1307,2019-01-12,0.2
1308,2019-01-13,0.24
